id,start,ende,created_at,updated_at,person_id,section_id,council_id
72,04:00:00,08:00:00,,,20,3,1
31,15:00:00,21:00:00,,,21,2,1
32,15:00:00,21:00:00,,,22,2,1
33,15:00:00,21:00:00,,,89,2,1
34,15:00:00,21:00:00,,,23,2,1
35,15:00:00,21:00:00,,,24,2,1
36,15:00:00,21:00:00,,,25,2,1
37,15:00:00,21:00:00,,,26,2,1
38,15:00:00,21:00:00,,,27,2,1
39,15:00:00,21:00:00,,,28,2,1
40,15:00:00,21:00:00,,,29,2,1
41,15:00:00,21:00:00,,,30,2,1
42,15:00:00,21:00:00,,,20,2,1
100,21:30:00,01:00:00,,,8,8,2
146,21:30:00,01:00:00,,,27,5,1
147,21:30:00,01:00:00,,,31,5,1
148,21:30:00,01:00:00,,,32,5,1
149,21:30:00,01:00:00,,,33,5,1
134,01:00:00,04:00:00,,,84,10,1
162,01:00:00,04:00:00,,,34,5,1
799,21:00:00,04:00:00,,,3,65,1
797,21:00:00,04:00:00,,,11,65,2
163,01:00:00,04:00:00,,,22,5,1
164,01:00:00,04:00:00,,,33,5,1
136,21:30:00,01:30:00,,,29,10,1
169,21:30:00,01:00:00,,,30,7,1
142,15:00:00,21:00:00,,,60,4,1
126,15:00:00,21:00:00,,,35,4,1
116,23:30:00,02:30:00,,,36,6,1
144,21:30:00,01:00:00,,,25,6,1
114,23:30:00,02:30:00,,,37,6,1
143,21:30:00,01:00:00,,,38,6,1
121,01:00:00,04:00:00,,,29,6,1
74,04:00:00,08:00:00,,,43,3,1
75,04:00:00,08:00:00,,,44,3,1
76,04:00:00,08:00:00,,,45,3,1
77,04:00:00,08:00:00,,,46,3,1
78,04:00:00,08:00:00,,,35,3,1
79,04:00:00,08:00:00,,,47,3,1
156,23:00:00,02:00:00,,,48,5,1
84,04:00:00,08:00:00,,,76,3,1
85,04:00:00,08:00:00,,,77,3,1
91,04:00:00,08:00:00,,,97,3,1
87,04:00:00,08:00:00,,,79,3,1
88,04:00:00,08:00:00,,,80,3,1
89,04:00:00,08:00:00,,,81,3,1
73,04:00:00,08:00:00,,,82,3,1
176,01:00:00,04:00:00,,,75,7,1
155,21:30:00,01:00:00,,,99,5,2
175,21:30:00,01:00:00,,,96,7,2
188,14:00:00,08:00:00,,,107,15,1
127,16:00:00,21:00:00,,,127,4,1
96,04:00:00,08:00:00,,,,3,1
135,01:00:00,04:00:00,,,,10,1
97,04:00:00,08:00:00,,,,3,2
98,04:00:00,08:00:00,,,,3,2
159,23:00:00,02:00:00,,,95,5,2
119,01:00:00,04:00:00,,,87,6,1
86,04:00:00,08:00:00,,,,3,2
122,15:00:00,21:00:00,,,61,4,1
80,04:00:00,08:00:00,,,42,3,1
157,23:00:00,02:00:00,,,49,5,1
158,23:00:00,02:00:00,,,50,5,1
150,21:30:00,01:00:00,,,51,5,1
152,21:30:00,01:00:00,,,52,5,1
44,15:00:00,21:00:00,,,72,2,2
153,21:30:00,01:00:00,,,39,5,2
123,15:00:00,21:00:00,,,62,4,1
137,21:30:00,01:30:00,,,55,10,1
138,21:30:00,01:30:00,,,56,10,1
170,21:30:00,01:00:00,,,57,7,1
145,21:30:00,01:00:00,,,115,6,2
171,21:30:00,01:00:00,,,58,7,1
172,21:30:00,01:00:00,,,59,7,1
124,15:00:00,21:00:00,,,63,4,1
180,01:00:00,04:00:00,,,102,7,2
139,21:30:00,01:30:00,,,70,10,2
168,01:00:00,04:00:00,,,123,5,2
95,04:00:00,08:00:00,,,124,3,1
93,04:00:00,08:00:00,,,100,3,2
179,01:00:00,04:00:00,,,101,7,2
115,23:30:00,02:30:00,,,65,6,1
90,04:00:00,08:00:00,,,103,3,2
177,01:00:00,04:00:00,,,80,7,1
166,01:00:00,04:00:00,,,41,5,2
173,21:30:00,01:00:00,,,66,7,2
99,21:30:00,01:00:00,,,9,8,2
43,15:00:00,21:00:00,,,71,2,2
174,21:30:00,01:00:00,,,67,7,2
165,01:00:00,04:00:00,,,105,5,1
81,04:00:00,08:00:00,,,74,3,1
178,01:00:00,04:00:00,,,85,7,1
101,01:00:00,04:00:00,,,104,8,1
118,01:00:00,04:00:00,,,86,6,1
181,01:00:00,04:00:00,,,106,7,1
189,14:00:00,08:00:00,,,108,15,1
160,23:00:00,02:00:00,,,34,5,2
191,14:00:00,08:00:00,,,109,15,1
192,14:00:00,08:00:00,,,110,15,1
193,14:00:00,08:00:00,,,111,15,1
194,14:00:00,08:00:00,,,112,15,1
94,04:00:00,08:00:00,,,75,3,1
140,21:30:00,01:30:00,,,118,10,2
102,01:00:00,04:00:00,,,,8,1
167,01:00:00,04:00:00,,,122,5,2
117,23:30:00,02:30:00,,,,6,2
202,21:00:00,04:00:00,,,19,11,1
161,01:00:00,04:00:00,,,54,5,1
103,23:30:00,02:30:00,,,64,8,1
915,15:00:00,21:00:00,,,146,76,1
154,21:30:00,01:00:00,,,40,5,2
943,01:00:00,04:00:00,,,156,75,1
133,01:00:00,04:00:00,,,83,10,1
221,15:00:00,21:00:00,,,90,2,1
223,15:00:00,21:00:00,,,92,2,1
224,15:00:00,21:00:00,,,93,2,1
222,15:00:00,21:00:00,,,94,2,1
226,15:00:00,21:00:00,,,73,2,2
227,15:00:00,21:00:00,,,98,4,1
207,21:00:00,04:00:00,,,1,11,1
225,15:00:00,21:00:00,,,91,2,1
190,14:00:00,08:00:00,,,113,15,1
209,21:00:00,04:00:00,,,3,11,1
203,21:00:00,04:00:00,,,15,11,1
205,21:00:00,04:00:00,,,17,11,1
195,14:00:00,08:00:00,,,114,15,1
206,21:00:00,04:00:00,,,16,11,1
208,21:00:00,04:00:00,,,11,11,2
83,04:00:00,08:00:00,,,,3,1
120,01:00:00,04:00:00,,,119,6,2
228,21:00:00,04:00:00,,,125,11,1
113,23:30:00,02:30:00,,,126,6,1
125,16:00:00,21:00:00,,,128,4,1
229,21:00:00,01:30:00,,,,9,
839,21:30:00,01:30:00,,,157,68,2
840,21:30:00,01:30:00,,,70,68,2
886,01:00:00,04:00:00,,,119,74,2
830,04:00:00,08:00:00,,,119,67,2
848,21:30:00,01:00:00,,,99,69,2
849,21:30:00,01:00:00,,,158,69,2
841,21:30:00,01:30:00,,,161,68,2
868,21:30:00,01:00:00,,,9,72,2
813,04:00:00,08:00:00,,,89,67,1
911,23:00:00,02:00:00,,,173,75,2
814,04:00:00,08:00:00,,,43,67,1
815,04:00:00,08:00:00,,,98,67,1
853,01:00:00,04:00:00,,,85,69,1
888,01:00:00,04:00:00,,,163,74,1
855,01:00:00,04:00:00,,,166,69,2
897,21:30:00,01:00:00,,,122,75,2
910,23:00:00,02:00:00,,,123,75,2
856,01:00:00,04:00:00,,,168,69,2
884,23:30:00,02:30:00,,,169,74,2
817,04:00:00,08:00:00,,,82,67,1
818,04:00:00,08:00:00,,,175,67,1
819,04:00:00,08:00:00,,,176,67,1
842,01:00:00,04:00:00,,,83,68,1
843,01:00:00,04:00:00,,,177,68,1
820,04:00:00,08:00:00,,,178,67,1
821,04:00:00,08:00:00,,,179,67,1
896,21:30:00,01:00:00,,,24,75,1
882,23:30:00,02:30:00,,,,74,1
804,14:00:00,08:00:00,,,113,66,1
806,14:00:00,08:00:00,,,5,66,1
807,14:00:00,08:00:00,,,181,66,1
808,14:00:00,08:00:00,,,182,66,1
811,14:00:00,08:00:00,,,107,66,1
822,04:00:00,08:00:00,,,185,67,1
816,04:00:00,08:00:00,,,,67,1
801,21:00:00,04:00:00,,,17,65,1
800,21:00:00,04:00:00,,,16,65,1
879,21:30:00,01:00:00,,,144,74,1
867,21:30:00,01:00:00,,,130,72,1
913,15:00:00,21:00:00,,,147,76,1
823,04:00:00,08:00:00,,,,67,1
824,04:00:00,08:00:00,,,,67,1
825,04:00:00,08:00:00,,,,67,1
826,04:00:00,08:00:00,,,,67,1
827,04:00:00,08:00:00,,,,67,1
828,04:00:00,08:00:00,,,,67,1
829,04:00:00,08:00:00,,,,67,1
831,04:00:00,08:00:00,,,,67,2
832,04:00:00,08:00:00,,,,67,2
833,04:00:00,08:00:00,,,,67,2
834,04:00:00,08:00:00,,,,67,2
835,04:00:00,08:00:00,,,,67,2
836,04:00:00,08:00:00,,,,67,2
914,15:00:00,21:00:00,,,30,76,1
909,23:00:00,02:00:00,,,138,75,1
900,01:00:00,04:00:00,,,33,75,1
901,01:00:00,04:00:00,,,32,75,1
894,21:30:00,01:00:00,,,32,75,1
903,01:00:00,04:00:00,,,137,75,1
895,21:30:00,01:00:00,,,27,75,1
905,01:00:00,04:00:00,,,140,75,1
865,15:30:00,21:00:00,,,141,71,1
891,21:30:00,01:00:00,,,134,75,1
892,21:30:00,01:00:00,,,135,75,1
893,21:30:00,01:00:00,,,33,75,1
899,01:00:00,04:00:00,,,136,75,1
904,01:00:00,04:00:00,,,139,75,1
837,21:30:00,01:30:00,,,91,68,1
883,23:30:00,02:30:00,,,153,74,1
812,04:00:00,08:00:00,,,145,67,1
838,21:30:00,01:30:00,,,45,68,1
845,21:30:00,01:00:00,,,58,69,1
870,01:00:00,04:00:00,,,34,72,1
912,15:00:00,21:00:00,,,21,76,1
908,23:00:00,02:00:00,,,22,75,1
798,21:00:00,04:00:00,,,18,65,1
919,15:00:00,21:00:00,,,94,76,1
924,15:00:00,21:00:00,,,150,76,1
937,15:30:00,21:00:00,,,60,71,1
938,15:30:00,21:00:00,,,61,71,1
926,15:00:00,21:00:00,,,119,76,2
927,15:00:00,21:00:00,,,121,76,2
928,15:00:00,21:00:00,,,159,76,2
929,15:00:00,21:00:00,,,160,76,2
890,21:30:00,01:00:00,,,133,75,1
869,21:30:00,01:00:00,,,8,72,2
916,15:00:00,21:00:00,,,25,76,1
933,15:30:00,21:00:00,,,143,71,1
852,01:00:00,04:00:00,,,57,69,1
878,21:30:00,01:00:00,,,162,74,1
942,01:00:00,04:00:00,,,86,74,1
935,15:30:00,21:00:00,,,142,71,1
917,15:00:00,21:00:00,,,23,76,1
918,15:00:00,21:00:00,,,148,76,1
920,15:00:00,21:00:00,,,149,76,1
921,15:00:00,21:00:00,,,93,76,1
922,15:00:00,21:00:00,,,92,76,1
923,15:00:00,21:00:00,,,127,76,1
846,21:30:00,01:00:00,,,59,69,1
936,15:30:00,21:00:00,,,106,71,1
932,15:30:00,21:00:00,,,128,71,1
871,01:00:00,04:00:00,,,152,72,1
887,01:00:00,04:00:00,,,48,74,1
941,23:30:00,02:30:00,,,154,74,1
881,23:30:00,02:30:00,,,155,74,1
945,15:30:00,21:00:00,,,52,71,1
880,21:30:00,01:00:00,,,164,74,2
944,15:00:00,21:00:00,,,165,76,1
930,15:00:00,21:00:00,,,167,76,2
885,23:30:00,02:30:00,,,170,74,2
946,23:30:00,02:30:00,,,171,74,2
898,21:30:00,01:00:00,,,172,75,2
844,01:00:00,04:00:00,,,84,68,1
940,01:00:00,04:00:00,,,180,75,1
809,14:00:00,08:00:00,,,108,66,1
805,14:00:00,08:00:00,,,111,66,1
810,14:00:00,08:00:00,,,110,66,1
948,14:00:00,08:00:00,,,112,66,1
939,01:00:00,04:00:00,,,184,75,1
931,15:00:00,21:00:00,,,65,76,1
982,21:00:00,04:00:00,,,18,81,1
954,15:00:00,21:00:00,,,189,77,1
983,21:00:00,04:00:00,,,3,81,1
990,04:00:00,08:00:00,,,197,82,1
989,04:00:00,08:00:00,,,198,82,1
959,15:00:00,21:00:00,,,147,77,1
1029,23:00:00,02:00:00,,,203,83,1
993,04:00:00,08:00:00,,,226,82,1
1004,04:00:00,08:00:00,,,242,82,1
996,04:00:00,08:00:00,,,229,82,1
998,04:00:00,08:00:00,,,230,82,1
999,04:00:00,08:00:00,,,43,82,1
1000,04:00:00,08:00:00,,,231,82,1
1001,04:00:00,08:00:00,,,232,82,1
1003,04:00:00,08:00:00,,,233,82,1
988,04:00:00,08:00:00,,,234,82,1
1005,04:00:00,08:00:00,,,243,82,1
1006,04:00:00,08:00:00,,,,82,1
1008,04:00:00,08:00:00,,,,82,1
1035,21:30:00,01:30:00,,,57,84,1
1009,04:00:00,08:00:00,,,,82,2
952,15:00:00,21:00:00,,,188,77,1
953,15:00:00,21:00:00,,,25,77,1
963,15:00:00,21:00:00,,,241,77,2
1038,01:00:00,04:00:00,,,223,84,1
1017,21:30:00,01:00:00,,,191,83,2
986,04:00:00,08:00:00,,,28,82,1
960,15:00:00,21:00:00,,,146,77,1
1028,23:00:00,02:00:00,,,202,83,1
1012,21:30:00,01:00:00,,,204,83,1
970,21:30:00,01:00:00,,,8,78,2
1030,23:00:00,02:00:00,,,190,83,2
955,15:00:00,21:00:00,,,192,77,1
957,15:00:00,21:00:00,,,195,77,1
1031,23:00:00,02:00:00,,,219,83,2
995,04:00:00,08:00:00,,,,82,1
1020,01:00:00,04:00:00,,,140,83,1
1011,21:30:00,01:00:00,,,187,83,1
1024,01:00:00,04:00:00,,,180,83,1
1032,21:30:00,01:30:00,,,61,84,1
1033,21:30:00,01:30:00,,,60,84,1
1027,01:00:00,04:00:00,,,220,83,2
968,15:00:00,21:00:00,,,27,77,2
950,15:00:00,21:00:00,,,65,77,1
965,15:00:00,21:00:00,,,193,77,2
1014,21:30:00,01:00:00,,,205,83,1
1015,21:30:00,01:00:00,,,206,83,1
1022,01:00:00,04:00:00,,,207,83,1
962,15:00:00,21:00:00,,,160,77,2
1040,21:30:00,01:00:00,,,59,85,1
969,21:30:00,01:00:00,,,93,78,1
967,15:00:00,21:00:00,,,217,77,2
1036,21:30:00,01:30:00,,,84,84,1
1039,01:00:00,04:00:00,,,91,84,1
991,04:00:00,08:00:00,,,225,82,1
973,01:00:00,04:00:00,,,119,78,1
949,15:00:00,21:00:00,,,29,77,1
971,21:30:00,01:00:00,,,157,78,2
1041,21:30:00,01:00:00,,,158,85,2
1019,01:00:00,04:00:00,,,139,83,1
981,21:00:00,04:00:00,,,11,81,2
980,21:00:00,04:00:00,,,17,81,1
984,21:00:00,04:00:00,,,14,81,1
1002,04:00:00,08:00:00,,,,82,1
1007,04:00:00,08:00:00,,,,82,2
1058,14:00:00,08:00:00,,,181,87,1
1059,14:00:00,08:00:00,,,107,87,1
1060,14:00:00,08:00:00,,,108,87,1
1061,14:00:00,08:00:00,,,111,87,1
1062,14:00:00,08:00:00,,,110,87,1
1063,14:00:00,08:00:00,,,112,87,1
1080,21:30:00,01:00:00,,,58,85,1
1044,01:00:00,04:00:00,,,92,85,1
1084,20:30:00,01:00:00,,,240,79,1
1078,01:00:00,04:00:00,,,162,88,1
1026,01:00:00,04:00:00,,,33,83,1
1018,21:30:00,01:00:00,,,27,83,2
1045,01:00:00,04:00:00,,,209,85,1
1064,14:00:00,08:00:00,,,,87,1
1050,15:30:00,21:00:00,,,134,86,1
1043,21:30:00,01:00:00,,,224,85,2
1042,21:30:00,01:00:00,,,223,85,2
1120,15:00:00,21:00:00,,,77,92,1
1121,15:00:00,21:00:00,,,259,92,1
1123,15:00:00,21:00:00,,,28,92,1
1124,15:00:00,21:00:00,,,27,92,1
1126,15:00:00,21:00:00,,,94,92,1
1125,15:00:00,21:00:00,,,,92,1
1052,15:30:00,21:00:00,,,211,86,1
1053,15:30:00,21:00:00,,,165,86,1
1054,15:30:00,21:00:00,,,212,86,1
1066,21:30:00,01:00:00,,,94,88,1
1068,23:30:00,02:30:00,,,30,88,1
1069,23:30:00,02:30:00,,,7,88,1
1010,21:30:00,01:00:00,,,133,83,1
1056,14:00:00,08:00:00,,,5,87,1
1076,01:00:00,04:00:00,,,38,88,1
1048,15:30:00,21:00:00,,,23,86,1
1081,09:00:00,12:00:00,,,141,86,1
1049,15:30:00,21:00:00,,,142,86,1
1071,23:30:00,02:30:00,,,144,88,1
1075,01:00:00,04:00:00,,,86,88,1
1065,21:30:00,01:00:00,,,87,88,1
1077,01:00:00,04:00:00,,,35,88,1
1082,21:00:00,04:00:00,,,16,81,1
958,15:00:00,21:00:00,,,199,77,1
951,15:00:00,21:00:00,,,28,77,1
956,15:00:00,21:00:00,,,200,77,1
961,15:00:00,21:00:00,,,201,77,1
1023,01:00:00,04:00:00,,,208,83,1
1034,21:30:00,01:30:00,,,89,84,1
1055,15:30:00,21:00:00,,,63,86,1
1051,15:30:00,21:00:00,,,210,86,1
972,01:00:00,04:00:00,,,214,78,1
1072,23:30:00,02:30:00,,,215,88,2
1067,21:30:00,01:00:00,,,216,88,2
1025,01:00:00,04:00:00,,,218,83,2
966,15:00:00,21:00:00,,,221,77,2
1013,21:30:00,01:00:00,,,222,83,1
1079,01:00:00,04:00:00,,,156,85,1
994,04:00:00,08:00:00,,,227,82,1
985,04:00:00,08:00:00,,,175,82,1
987,04:00:00,08:00:00,,,235,82,1
992,04:00:00,08:00:00,,,236,82,1
997,04:00:00,08:00:00,,,237,82,1
1037,01:00:00,04:00:00,,,224,84,1
1021,01:00:00,04:00:00,,,48,83,1
1083,20:30:00,01:00:00,,,152,79,1
964,15:00:00,21:00:00,,,167,77,2
1016,21:30:00,01:00:00,,,161,83,2
1046,01:00:00,04:00:00,,,,85,1
1047,01:00:00,04:00:00,,,,85,1
1073,23:30:00,02:30:00,,,238,88,1
1057,14:00:00,08:00:00,,,113,87,1
1089,21:00:00,04:00:00,,,3,90,1
1088,21:00:00,04:00:00,,,18,90,1
1138,21:30:00,01:00:00,,,27,93,1
1127,15:00:00,21:00:00,,,93,92,1
1097,04:00:00,08:00:00,,,227,91,1
1098,04:00:00,08:00:00,,,200,91,1
1101,04:00:00,08:00:00,,,201,91,1
1164,21:30:00,01:30:00,,,268,94,2
1106,04:00:00,08:00:00,,,278,91,1
1103,04:00:00,08:00:00,,,235,91,1
1165,01:00:00,04:00:00,,,165,94,1
1191,01:00:00,04:00:00,,,220,97,2
1107,04:00:00,08:00:00,,,89,91,1
1108,04:00:00,08:00:00,,,279,91,1
1109,04:00:00,08:00:00,,,281,91,1
1111,04:00:00,08:00:00,,,282,91,1
1112,04:00:00,08:00:00,,,145,91,1
1113,04:00:00,08:00:00,,,283,91,1
1117,04:00:00,08:00:00,,,285,91,1
1167,01:00:00,04:00:00,,,286,94,1
1085,20:30:00,01:00:00,,,117,89,1
1128,15:00:00,21:00:00,,,60,92,1
1130,15:00:00,21:00:00,,,61,92,1
1156,23:00:00,02:00:00,,,33,93,1
1170,21:30:00,01:00:00,,,171,95,2
1188,21:30:00,01:00:00,,,157,97,2
1158,23:00:00,02:00:00,,,254,93,2
1136,15:00:00,21:00:00,,,167,92,2
1176,01:00:00,04:00:00,,,257,95,2
1093,04:00:00,08:00:00,,,28,91,1
1149,01:00:00,04:00:00,,,136,93,1
1150,01:00:00,04:00:00,,,139,93,1
1151,01:00:00,04:00:00,,,140,93,1
1173,01:00:00,04:00:00,,,92,95,1
1096,04:00:00,08:00:00,,,263,91,1
1135,15:00:00,21:00:00,,,166,92,2
1102,04:00:00,08:00:00,,,236,91,1
1157,23:00:00,02:00:00,,,133,93,1
1142,21:30:00,01:00:00,,,205,93,1
1143,21:30:00,01:00:00,,,206,93,1
1147,01:00:00,04:00:00,,,261,93,1
1168,21:30:00,01:00:00,,,52,95,1
1146,21:30:00,01:00:00,,,39,93,2
1160,21:30:00,01:30:00,,,84,94,1
1139,21:30:00,01:00:00,,,65,93,1
1187,21:30:00,01:00:00,,,224,97,1
1177,01:00:00,04:00:00,,,258,95,2
1104,04:00:00,08:00:00,,,237,91,1
1166,01:00:00,04:00:00,,,,94,1
1116,04:00:00,08:00:00,,,,91,1
1162,21:30:00,01:30:00,,,83,94,1
1171,21:30:00,01:00:00,,,102,95,2
1133,15:00:00,21:00:00,,,252,92,2
1178,14:00:00,08:00:00,,,5,96,1
1152,01:00:00,04:00:00,,,262,93,1
1137,15:00:00,21:00:00,,,217,92,2
1179,14:00:00,08:00:00,,,,96,1
1189,21:30:00,01:00:00,,,269,97,2
1172,21:30:00,01:00:00,,,158,95,2
1155,01:00:00,04:00:00,,,190,93,2
1163,21:30:00,01:30:00,,,70,94,2
1180,14:00:00,08:00:00,,,,96,1
1181,14:00:00,08:00:00,,,,96,1
1183,14:00:00,08:00:00,,,,96,1
1184,14:00:00,08:00:00,,,,96,1
1185,14:00:00,08:00:00,,,,96,1
1186,14:00:00,08:00:00,,,,96,1
1144,21:30:00,01:00:00,,,191,93,2
1092,21:00:00,04:00:00,,,11,90,2
1087,21:00:00,04:00:00,,,14,90,1
1091,21:00:00,04:00:00,,,16,90,1
1095,04:00:00,08:00:00,,,,91,1
1100,04:00:00,08:00:00,,,,91,1
1105,04:00:00,08:00:00,,,,91,1
1110,04:00:00,08:00:00,,,,91,1
1115,04:00:00,08:00:00,,,,91,1
1086,20:30:00,01:00:00,,,,89,1
1099,04:00:00,08:00:00,,,264,91,1
1122,15:00:00,21:00:00,,,265,92,1
1148,01:00:00,04:00:00,,,223,93,1
1169,21:30:00,01:00:00,,,234,95,1
1190,01:00:00,04:00:00,,,149,97,1
1134,15:00:00,21:00:00,,,266,92,2
1204,23:30:00,02:30:00,,,103,99,2
1205,23:30:00,02:30:00,,,267,99,2
1207,01:00:00,04:00:00,,,270,99,1
1090,21:00:00,04:00:00,,,179,90,1
1182,14:00:00,08:00:00,,,,96,1
1202,23:30:00,02:30:00,,,271,99,1
1203,23:30:00,02:30:00,,,57,99,1
1208,01:00:00,04:00:00,,,272,99,1
1129,15:00:00,21:00:00,,,274,92,1
1140,21:30:00,01:00:00,,,275,93,1
1153,01:00:00,04:00:00,,,180,93,1
1199,21:30:00,01:00:00,,,245,99,2
1200,21:30:00,01:00:00,,,246,99,2
1210,15:30:00,21:00:00,,,141,100,1
1211,15:30:00,21:00:00,,,142,100,1
1212,15:30:00,21:00:00,,,211,100,1
1131,15:00:00,21:00:00,,,248,92,2
1213,15:30:00,21:00:00,,,23,100,1
1214,15:30:00,21:00:00,,,134,100,1
1206,01:00:00,04:00:00,,,260,99,1
1217,15:30:00,21:00:00,,,249,100,1
1132,15:00:00,21:00:00,,,277,92,2
1118,15:00:00,21:00:00,,,124,92,1
1219,15:30:00,21:00:00,,,250,100,1
1220,15:30:00,21:00:00,,,251,100,1
1119,15:00:00,21:00:00,,,189,92,1
1161,21:30:00,01:30:00,,,177,94,1
1154,01:00:00,04:00:00,,,253,93,2
1145,21:30:00,01:00:00,,,256,93,2
1094,04:00:00,08:00:00,,,233,91,1
1141,21:30:00,01:00:00,,,260,93,1
1175,01:00:00,04:00:00,,,209,95,1
1215,15:30:00,21:00:00,,,98,100,1
1216,15:30:00,21:00:00,,,156,100,1
1198,21:30:00,01:00:00,,,144,99,1
1209,01:00:00,04:00:00,,,280,99,1
1260,04:00:00,08:00:00,,,,107,
1114,04:00:00,08:00:00,,,284,91,1
1261,04:00:00,08:00:00,,,,107,
1159,23:00:00,02:00:00,,,194,93,2
1262,04:00:00,08:00:00,,,,107,
1174,01:00:00,04:00:00,,,285,95,1
1263,04:00:00,08:00:00,,,,107,
1201,23:30:00,02:30:00,,,38,99,1
1264,04:00:00,08:00:00,,,,107,
1265,04:00:00,08:00:00,,,,107,
1266,04:00:00,08:00:00,,,,107,
1224,15:00:00,21:00:00,,,,102,
1225,15:00:00,21:00:00,,,,102,
1226,15:00:00,21:00:00,,,,102,
1227,15:00:00,21:00:00,,,,102,
1228,15:00:00,21:00:00,,,,102,
1229,15:00:00,21:00:00,,,,102,
1230,15:00:00,21:00:00,,,,102,
1257,21:00:00,04:00:00,,2014-09-08 10:33:42.757148,,106,1
1259,21:00:00,04:00:00,,2014-09-08 10:33:42.778648,,106,2
1231,15:00:00,21:00:00,,,,102,
1232,15:00:00,21:00:00,,,,102,
1233,15:00:00,21:00:00,,,,102,
1234,15:00:00,21:00:00,,,,102,
1235,15:00:00,21:00:00,,,,102,
1236,15:00:00,21:00:00,,,,102,
1237,15:00:00,21:00:00,,,,102,
1238,15:00:00,21:00:00,,,,102,
1239,15:00:00,21:00:00,,,,102,
1240,15:00:00,21:00:00,,,,102,
1241,15:00:00,21:00:00,,,,102,
1242,15:00:00,21:00:00,,,,102,
1243,15:00:00,21:00:00,,,,102,
1244,21:30:00,01:00:00,,,,103,
1245,21:30:00,01:00:00,,,,103,
1246,21:30:00,01:00:00,,,,103,
1247,01:00:00,04:00:00,,,,103,
1248,01:00:00,04:00:00,,,,103,
1267,04:00:00,08:00:00,,,,107,
1268,04:00:00,08:00:00,,,,107,
1269,04:00:00,08:00:00,,,,107,
1270,04:00:00,08:00:00,,,,107,
1271,04:00:00,08:00:00,,,,107,
1272,04:00:00,08:00:00,,,,107,
1273,04:00:00,08:00:00,,,,107,
1274,04:00:00,08:00:00,,,,107,
1275,04:00:00,08:00:00,,,,107,
1276,04:00:00,08:00:00,,,,107,
1277,04:00:00,08:00:00,,,,107,
1278,04:00:00,08:00:00,,,,107,
1279,04:00:00,08:00:00,,,,107,
1280,04:00:00,08:00:00,,,,107,
1281,04:00:00,08:00:00,,,,107,
1282,04:00:00,08:00:00,,,,107,
1283,04:00:00,08:00:00,,,,107,
1284,04:00:00,08:00:00,,,,107,
1285,21:30:00,01:00:00,,,,108,
1286,21:30:00,01:00:00,,,,108,
1287,21:30:00,01:00:00,,,,108,
1288,21:30:00,01:00:00,,,,108,
1289,21:30:00,01:00:00,,,,108,
1290,21:30:00,01:00:00,,,,108,
1291,21:30:00,01:00:00,,,,108,
1292,21:30:00,01:00:00,,,,108,
1293,21:30:00,01:00:00,,,,108,
1294,01:00:00,04:00:00,,,,108,
1295,01:00:00,04:00:00,,,,108,
1296,01:00:00,04:00:00,,,,108,
1297,01:00:00,04:00:00,,,,108,
1298,01:00:00,04:00:00,,,,108,
1299,01:00:00,04:00:00,,,,108,
1300,01:00:00,04:00:00,,,,108,
1301,01:00:00,04:00:00,,,,108,
1302,01:00:00,04:00:00,,,,108,
1303,23:00:00,02:00:00,,,,108,
1304,23:00:00,02:00:00,,,,108,
1305,23:00:00,02:00:00,,,,108,
1306,23:00:00,02:00:00,,,,108,
1307,21:30:00,01:30:00,,,,109,
1308,21:30:00,01:30:00,,,,109,
1309,21:30:00,01:30:00,,,,109,
1310,21:30:00,01:30:00,,,,109,
1311,21:30:00,01:30:00,,,,109,
1312,01:00:00,04:00:00,,,,109,
1313,01:00:00,04:00:00,,,,109,
1314,01:00:00,04:00:00,,,,109,
1315,21:30:00,01:00:00,,,,110,
1316,21:30:00,01:00:00,,,,110,
1317,21:30:00,01:00:00,,,,110,
1318,21:30:00,01:00:00,,,,110,
1319,01:00:00,04:00:00,,,,110,
1320,01:00:00,04:00:00,,,,110,
1321,01:00:00,04:00:00,,,,110,
1322,01:00:00,04:00:00,,,,110,
1324,15:30:00,21:00:00,,,,111,
1325,15:30:00,21:00:00,,,,111,
1326,15:30:00,21:00:00,,,,111,
1327,15:30:00,21:00:00,,,,111,
1328,15:30:00,21:00:00,,,,111,
1329,15:30:00,21:00:00,,,,111,
1330,15:30:00,21:00:00,,,,111,
1331,14:00:00,08:00:00,,,,112,
1332,14:00:00,08:00:00,,,,112,
1333,14:00:00,08:00:00,,,,112,
1334,14:00:00,08:00:00,,,,112,
1335,14:00:00,08:00:00,,,,112,
1336,14:00:00,08:00:00,,,,112,
1337,14:00:00,08:00:00,,,,112,
1338,14:00:00,08:00:00,,,,112,
1339,14:00:00,08:00:00,,,,112,
1340,21:30:00,01:00:00,,,,113,
1341,21:30:00,01:00:00,,,,113,
1342,21:30:00,01:00:00,,,,113,
1343,23:30:00,02:30:00,,,,113,
1344,23:30:00,02:30:00,,,,113,
1345,23:30:00,02:30:00,,,,113,
1346,23:30:00,02:30:00,,,,113,
1347,23:30:00,02:30:00,,,,113,
1348,23:30:00,02:30:00,,,,113,
1349,23:30:00,02:30:00,,,,113,
1350,01:00:00,04:00:00,,,,113,
1351,01:00:00,04:00:00,,,,113,
1352,01:00:00,04:00:00,,,,113,
1353,01:00:00,04:00:00,,,,113,
1323,15:30:00,21:00:00,,,271,111,1
1258,21:00:00,04:00:00,,2014-09-08 10:33:42.768159,,106,1
1256,21:00:00,04:00:00,,2014-09-08 11:55:24.766378,,106,1
1255,21:00:00,04:00:00,,2014-09-08 11:57:32.169051,,106,1
(635 Zeilen)
